{
    "id": 1,
    "title": "Английский язык. 10 класс",
    "description": "К явным преимуществам книги относятся наличие всех важных понятий и их отдельное выделение за счет шрифта и цвета. Многие теоремы изложены идеально.",
    "qr_code": "http://qr.prosv.ru/cover/03df22ed-8a8d-11e8-b216-0050569c7d18",
    "isbn": "976-5-09-071821-9",
    "cover": "https://catalog.prosv.ru/images/big/03df22ed-8a8d-11e8-b216-0050569c7d18.jpg",
    "version": "20200213T075816",
    "subject": "Английский язык",
    "level": 10,
    "chapters": [
        {
            "id":"chapter-ae40770c-7b59-497a-8343-0aee4f6fec70",
            "title": "Unit 1 My World",
            "version": "20200213T075816",
            "pages": []
        },
        {
            "id":"chapter-109e45a1-8dbd-49d9-8dd1-3e5c41399198",
            "title": "Unit 2: Technology in your life",
            "version": "20200213T075816",
            "pages": [
                {
                    "id": "page-f7f5b517-f382-4f41-b5b0-d29d9fc8b5ea",
                    "number": 31,
                    "content": [
                        {
                            "id": "content-b10c235e-806c-46b1-9677-c5573bda6444",
                            "ar_object_id": "interaction-07165430-3ec6-4239-8b0d-11e42c588173",
                            "type": "play_audio",
                            "content_type": "audio/mpeg",
                            "embeded": true,
                            "content": "audio/audio.mp3"
                        },
                        {
                            "id": "content-3e52ad29-ca1d-47d4-a52b-748d3fd86064",
                            "ar_object_id": "interaction-27165430-3ec6-4239-8b0d-11e42c588171",
                            "type": "play_video",
                            "content_type": "video/mp4",
                            "embeded": true,
                            "content_url": "video/sample-video-lesson.mp4"
                        }
                    ]
                },
                {
                    "id": "page-15af1b02-00e6-46f7-b6d5-8406d1f95b94",
                    "number": 32,
                    "content": [
                        {
                            "id": "content-b10c235e-806c-46b1-9677-c5573bda6444",
                            "ar_object_id": "interaction-07165430-3ec6-4239-8b0d-11e42c588173",
                            "type": "play_audio",
                            "content_type": "audio/mpeg",
                            "embeded": false,
                            "content_url": "https://cometrica.ru/audio/audio.mp3"
                        },
                        {
                            "id": "content-3e52ad29-ca1d-47d4-a52b-748d3fd86064",
                            "ar_object_id": "interaction-27165430-3ec6-4239-8b0d-11e42c588171",
                            "type": "play_video",
                            "content_type": "video/mp4",
                            "embeded": true,
                            "content_url": "video/sample-video-lesson.mp4"
                        }
                    ]
                },
                {
                    "id": "page-ff096dbe-8a2f-471f-9399-b7835de06c18",
                    "number": 33,
                    "content": [
                        {
                            "id": "content-3a5cd0b8-6443-407f-a67c-ac272dd4f9e8",
                            "ar_object_id": "interaction-07165430-3ec6-4239-8b0d-11e42c588173",
                            "type": "play_audio",
                            "content_type": "audio/mpeg",
                            "embeded": true,
                            "content_url": "audio/audio.mp3"
                        },
                        {
                            "id": "content-f8235295-ee38-41ae-9d61-cb143a5b659d",
                            "ar_object_id": "interaction-27165430-3ec6-4239-8b0d-11e42c588888",
                            "type": "play_3d",
                            "content_type": "model/sfb",
                            "embeded": true,
                            "content_url": "model_3d/atom.sfb"
                        }
                    ]
                }
            ]
        }
    ]
    
}
