{
    "id": 1,
    "android_image_db": "markers/c898fa06-6d0c-4637-85ee-4f57ed1dc66b.imgdb",
    "scenes": [
        {
            "id": "scene-27165430-3ec6-4239-8b0d-11e42c588321",
            "markers": [
                {
                    "id": "marker-27165430-3ec6-4239-8b0d-11e42c588171",
                    "position": {
                        "x": 0.1,
                        "y": 0.0,
                        "z": 0.2
                    },
                    "size": {
                        "width": 0.05,
                        "height": 0.05
                    }
                }
            ],
            "objects": [
                {
                    "id": "object-8f69e7ea-ab71-451e-b2a5-e9431ae0b05f",
                    "type": "audio_button",
                    "position": {
                        "x": 0.0,
                        "y": 0.0,
                        "z": 0.0
                    },
                    "orientation": {
                        "ax": 0.0,
                        "ay": 0.0,
                        "az": 0.0
                    }
                },
                {
                    "id": "object-b620a5a8-d415-4623-91b0-c91c904e0c3a",
                    "type": "video_button",
                    "position": {
                        "x": 0.0,
                        "y": 0.0,
                        "z": 0.0
                    },
                    "orientation": {
                        "ax": 0.0,
                        "ay": 0.0,
                        "az": 0.0
                    }
                },
                {
                    "id": "object-66ff2b00-b549-4e9b-9e9e-e8f3154b00b4",
                    "type": "3d_object",
                    "position": {
                        "x": 0.0,
                        "y": 0.0,
                        "z": 0.0
                    },
                    "orientation": {
                        "ax": 0.0,
                        "ay": 0.0,
                        "az": 0.0
                    }
                },
                {
                    "id": "object-0d887098-03a3-403e-86ac-4fc94da9c0cc",
                    "type": "interactive_3d_object",
                    "position": {
                        "x": 0.0,
                        "y": 0.0,
                        "z": 0.0
                    },
                    "orientation": {
                        "ax": 0.0,
                        "ay": 0.0,
                        "az": 0.0
                    }
                }
            ]
        },
        {
            "id": "scene-f07df800-d312-4c25-b736-17d634f97f9b",
            "markers": [
                {
                    "id": "marker-fe08b000-9538-490d-9dda-608a896d063d",
                    "position": {
                        "x": 0.1,
                        "y": 0.0,
                        "z": 0.2
                    },
                    "size": {
                        "width": 0.05,
                        "height": 0.05
                    }
                }
            ],
            "objects": [
                {
                    "id": "object-db44d60c-8049-4e70-b99b-258cc5d729d6",
                    "type": "video_button",
                    "position": {
                        "x": 0.0,
                        "y": 0.0,
                        "z": 0.0
                    },
                    "orientation": {
                        "ax": 0.0,
                        "ay": 0.0,
                        "az": 0.0
                    }
                },
                {
                    "id": "object-c7f40458-2975-43e8-b5fc-35f4ed2a7ede",
                    "type": "audio_button",
                    "position": {
                        "x": 0.0,
                        "y": 0.0,
                        "z": 0.0
                    },
                    "orientation": {
                        "ax": 0.0,
                        "ay": 0.0,
                        "az": 0.0
                    }
                }
            ]
        },
        {
            "id": "scene-2fdc70b1-1e74-4c43-b575-a9f627faeb86",
            "markers": [
                {
                    "id": "marker-e0729daa-da67-47a3-b665-fc9d5d9b9dca",
                    "position": {
                        "x": 0.1,
                        "y": 0.0,
                        "z": 0.2
                    },
                    "size": {
                        "width": 0.05,
                        "height": 0.05
                    }
                }
            ],
            "objects": [
                {
                    "id": "object-cc694995-6cdd-481d-a97f-b9420f1cb482",
                    "type": "model",
                    "position": {
                        "x": 0.0,
                        "y": 0.0,
                        "z": 0.0
                    },
                    "orientation": {
                        "ax": 0.0,
                        "ay": 0.0,
                        "az": 0.0
                    }
                },
                {
                    "id": "object-2d0a2112-bd45-4162-bd10-8464b37ec1d8",
                    "type": "url_button",
                    "position": {
                        "x": 0.0,
                        "y": 0.0,
                        "z": 0.0
                    },
                    "orientation": {
                        "ax": 0.0,
                        "ay": 0.0,
                        "az": 0.0
                    }
                }
            ]
        }
    ]
}